Scenario,Method,RMSE,MAE,R²,Time (s),Chunk Size,Missing Fraction
Small gaps (5%),Cubic Spline (Basic),3.728817848147092,1.8947941250663234,0.9286590045827811,0.10175800323486328,50,0.05
Small gaps (5%),Cubic Spline (Adaptive),18.229948793916574,14.436282060502052,-0.7051701633786533,0.0018770694732666016,50,0.05
Small gaps (5%),Penalized Spline,3.704479501874783,1.8445565684438843,0.9295872640752005,0.025660991668701172,50,0.05
Medium gaps (10%),Cubic Spline (Basic),13.788366706411187,6.6181387096918405,-0.0002490801641836793,0.08918499946594238,100,0.1
Medium gaps (10%),Cubic Spline (Adaptive),22.50544723529941,16.061279909489656,-1.6647581924148733,0.001764059066772461,100,0.1
Medium gaps (10%),Penalized Spline,13.793013164953843,6.6142349646608505,-0.0009233295612749437,0.0009398460388183594,100,0.1
Large gaps (15%),Cubic Spline (Basic),12.753454512317829,7.66874657477055,0.2810724770649944,0.08347702026367188,150,0.15
Large gaps (15%),Cubic Spline (Adaptive),49.68491503615495,34.28431631376366,-9.911351291375384,0.001725912094116211,150,0.15
Large gaps (15%),Penalized Spline,12.747499881736218,7.663654076680335,0.28174365967131776,0.0009217262268066406,150,0.15
