Scenario,Trial,Missing_Frac,TCA_ZeroLag,TCA_MaxCorr,PLV,SVM_Time,SVM_Acc,SVM_F1,SVM_Precision,SVM_Recall,RF_Time,RF_Acc,RF_F1,RF_Precision,RF_Recall
Small (5%),0,0.05,1.4036371131209928,1.4036371131209928,0.9783458331091868,0.08432292938232422,0.95,0.0,0.0,0.0,0.08652019500732422,1.0,1.0,1.0,1.0
Small (5%),1,0.05,1.360609486304721,1.360609486304721,0.9573091402136635,0.07898187637329102,0.95,0.0,0.0,0.0,0.08886384963989258,1.0,1.0,1.0,1.0
Small (5%),2,0.05,1.3541645055621503,1.3541645055621503,0.9675560064140433,0.0796198844909668,0.95,0.0,0.0,0.0,0.08644294738769531,1.0,1.0,1.0,1.0
Small (5%),3,0.05,1.399328494555359,1.399328494555359,0.9659308151478112,0.07840681076049805,0.95,0.0,0.0,0.0,0.08137011528015137,1.0,1.0,1.0,1.0
Small (5%),4,0.05,1.3468934757739386,1.3468934757739386,0.9702307826788449,0.08205294609069824,0.95,0.0,0.0,0.0,0.09793901443481445,1.0,1.0,1.0,1.0
Small (5%),5,0.05,1.3309512380340158,1.3309512380340158,0.9606248639610676,0.08041000366210938,0.95,0.0,0.0,0.0,0.08279013633728027,1.0,1.0,1.0,1.0
Small (5%),6,0.05,1.3498168331759297,1.3498168331759297,0.9625405103346323,0.08407783508300781,0.95,0.0,0.0,0.0,0.10273408889770508,1.0,1.0,1.0,1.0
Small (5%),7,0.05,1.3513856554835668,1.3513856554835668,0.9440950307237702,0.084014892578125,0.95,0.0,0.0,0.0,0.09227490425109863,1.0,1.0,1.0,1.0
Small (5%),8,0.05,1.3912455411022875,1.3912455411022875,0.983010706326244,0.08092498779296875,0.95,0.0,0.0,0.0,0.08557367324829102,1.0,1.0,1.0,1.0
Small (5%),9,0.05,1.3420491136142767,1.3420491136142767,0.9423520009162523,0.08099484443664551,0.95,0.0,0.0,0.0,0.08640527725219727,1.0,1.0,1.0,1.0
Medium (10%),0,0.1,1.3162181141382931,1.3162181141382931,0.9010851063300441,0.15741205215454102,0.932,0.746268656716418,0.5952380952380952,1.0,0.09785890579223633,1.0,1.0,1.0,1.0
Medium (10%),1,0.1,1.2805685762197783,1.2805685762197783,0.8696809283087947,0.16373825073242188,0.9292,0.7385524372230429,0.585480093676815,1.0,0.1017763614654541,1.0,1.0,1.0,1.0
Medium (10%),2,0.1,1.2681350488529588,1.2681350488529588,0.932298007608461,0.1585991382598877,0.9312,0.7440476190476191,0.5924170616113744,1.0,0.08926510810852051,1.0,1.0,1.0,1.0
Medium (10%),3,0.1,1.373847635953723,1.373847635953723,0.9674715028200189,0.16296887397766113,0.9338,0.7513148009015778,0.601684717208183,1.0,0.09676814079284668,1.0,1.0,1.0,1.0
Medium (10%),4,0.1,1.2752297213310144,1.2752297213310144,0.931848356819815,0.16141223907470703,0.9292,0.7385524372230429,0.585480093676815,1.0,0.08934783935546875,1.0,1.0,1.0,1.0
Medium (10%),5,0.1,1.2666079638407468,1.2666079638407468,0.9368946419565928,0.15535783767700195,0.931,0.7434944237918215,0.591715976331361,1.0,0.09374165534973145,1.0,1.0,1.0,1.0
Medium (10%),6,0.1,1.2911316136042166,1.2911316136042166,0.8896805352487172,0.15155887603759766,0.9324,0.7473841554559043,0.5966587112171837,1.0,0.08376383781433105,1.0,1.0,1.0,1.0
Medium (10%),7,0.1,1.2639775439043104,1.2639775439043104,0.9294350507964756,0.15813279151916504,0.9306,0.7423904974016332,0.5903187721369539,1.0,0.10472893714904785,1.0,1.0,1.0,1.0
Medium (10%),8,0.1,1.3495699666418686,1.3495699666418686,0.9434362237116022,0.1644291877746582,0.9302,0.7412898443291327,0.5889281507656066,1.0,0.08835005760192871,1.0,1.0,1.0,1.0
Medium (10%),9,0.1,1.2489732046519642,1.2489732046519642,0.8912566037884756,0.15558409690856934,0.9302,0.7412898443291327,0.5889281507656066,1.0,0.10190987586975098,1.0,1.0,1.0,1.0
Large (15%),0,0.15,1.254006341432276,1.254006341432276,0.9352846118440075,0.1609959602355957,0.85,0.0,0.0,0.0,0.09613704681396484,1.0,1.0,1.0,1.0
Large (15%),1,0.15,1.1936161497558897,1.1936161497558897,0.8367406131936694,0.16258668899536133,0.85,0.0,0.0,0.0,0.0841221809387207,1.0,1.0,1.0,1.0
Large (15%),2,0.15,1.2281835426380756,1.2281835426380756,0.8485155260333996,0.16025495529174805,0.85,0.0,0.0,0.0,0.09113597869873047,1.0,1.0,1.0,1.0
Large (15%),3,0.15,1.3465395960377837,1.3465395960377837,0.8594340747519668,0.1649169921875,0.85,0.0,0.0,0.0,0.09624719619750977,1.0,1.0,1.0,1.0
Large (15%),4,0.15,1.1989005956654848,1.1989005956654848,0.8903190494972681,0.1645510196685791,0.85,0.0,0.0,0.0,0.1010591983795166,1.0,1.0,1.0,1.0
Large (15%),5,0.15,1.2368318863231673,1.2368318863231673,0.8918172634675341,0.16702604293823242,0.85,0.0,0.0,0.0,0.09799408912658691,1.0,1.0,1.0,1.0
Large (15%),6,0.15,1.1927494740856093,1.1927494740856093,0.8858242561887606,0.16688108444213867,0.85,0.0,0.0,0.0,0.09233784675598145,1.0,1.0,1.0,1.0
Large (15%),7,0.15,1.2466222779558602,1.2466222779558602,0.9160352589533824,0.16736698150634766,0.85,0.0,0.0,0.0,0.09342598915100098,1.0,1.0,1.0,1.0
Large (15%),8,0.15,1.2893548293427237,1.2893548293427237,0.8723133333580128,0.16837620735168457,0.85,0.0,0.0,0.0,0.10944509506225586,1.0,1.0,1.0,1.0
Large (15%),9,0.15,1.169994217094548,1.169994217094548,0.8699487402364315,0.18437910079956055,0.85,0.0,0.0,0.0,0.11322283744812012,1.0,1.0,1.0,1.0
