Gap_Fraction,Method,Replicate,RMSE,R2,PLV,EnvCorr,SpCoh,DTW,Time
0.05,GPR,0,1.1463709865442364,-0.02288122570599116,0.10256746208735838,0.05378722954233575,0.0396586735903203,0.931643420220462,
0.05,Constrained Opt.,0,1.2512450788463338,-0.21859558502575327,0.09999739906751248,0.12851439687321972,0.0270927174122599,1.056039943623439,0.47553586959838867
0.05,Takens Embedding,0,0.41047200706425674,0.868857962951002,0.9071598064051143,0.8721977655054829,0.47260856419864855,0.21735799888126198,0.28024911880493164
0.05,Mean Reversion,0,1.3248528666044266,-0.3661869578011514,0.10075942689533099,-0.07084247819525158,0.053281753377164884,1.1274085261804063,
0.05,GPR,1,0.8876889743693769,-0.09669508824596829,0.5774211515683595,-0.0650550808647713,0.10318859463320738,0.6081839605108019,
0.05,Constrained Opt.,1,1.3022028285623666,-1.3600516936573603,0.5880047140910485,0.02309286344732414,0.03421274794437939,0.8237536030000516,0.37174224853515625
0.05,Takens Embedding,1,0.24010690548836847,0.9197632095573864,0.9667619979280747,0.9316557403619781,0.3138827919086403,0.0971947606669853,0.23971891403198242
0.05,Mean Reversion,1,0.8499347375583056,-0.005391955944465954,0.5896713805117763,0.091015443070998,0.033399974480625205,0.7136108479138835,
0.05,GPR,2,0.19762174216636808,-0.4055221533237463,0.9847369858053969,0.18787037551407154,0.030427808861896714,0.04945702684637421,
0.05,Constrained Opt.,2,0.20659921254938943,-0.5361215144935838,0.9853139730807214,0.016221890250085143,0.020679137823008856,0.13836874685991668,0.19607186317443848
0.05,Takens Embedding,2,0.07474149156372231,0.7989556978890983,0.9977363452580144,0.888644763053875,0.5187092913759787,0.020847767869798927,0.21566104888916016
0.05,Mean Reversion,2,0.24392974839996004,-1.1413999279042835,0.9891596484943683,0.017553768653924544,,0.2146738675176718,
0.1,GPR,0,1.1329247393251463,-0.004268864234163061,0.07059668952819516,-0.02795799431028373,0.039817617304315954,0.9515929918684193,
0.1,Constrained Opt.,0,1.4620649990728587,-0.6725581981765569,0.054943919897359694,0.03370151106020937,0.0389294542767543,0.9227554717707279,0.2595677375793457
0.1,Takens Embedding,0,0.44095421090235615,0.8478629937683664,0.9068635573757435,0.8395337029154201,0.43330016441274555,0.2102683627881818,0.4363901615142822
0.1,Mean Reversion,0,1.3853436231252125,-0.5016298655507359,0.06928834569127053,-0.006310083273135526,0.013852782413369588,1.1832364292288176,
0.1,GPR,1,0.9335203857444846,-0.30210899176876205,0.6251149907692728,-0.04948594105828412,0.016876439550022763,0.7367814232707595,
0.1,Constrained Opt.,1,1.0716511653180572,-0.7159578130076003,0.6158725471361711,0.0576164759897086,0.0054007931252088,0.703061608203535,0.2809929847717285
0.1,Takens Embedding,1,0.2379759508372543,0.9153813939413468,0.9632569829090667,0.9272198242530899,0.3344811884658765,0.10077383872942033,0.46468687057495117
0.1,Mean Reversion,1,0.8251580558313192,-0.01735848900232928,0.6357772277708988,0.008009630204545192,,0.6961665040160142,
0.1,GPR,2,0.1745092697544202,-0.02807257554758924,0.9882802259234865,-0.013440433967091815,0.008118700636707644,0.15691982214492214,
0.1,Constrained Opt.,2,0.21564335940885324,-0.5698528639621743,0.9876219015976307,-0.014738107465406153,0.012470152506569016,0.14808745830247166,0.31504082679748535
0.1,Takens Embedding,2,0.05638578209451965,0.8926687989548128,0.9987104338979149,0.9417373090634625,0.3339778788543018,0.01662602373083847,0.41934967041015625
0.1,Mean Reversion,2,0.2525221988489608,-1.152711825258458,0.9883788717593998,-0.006459643236335933,,0.22123457309288658,
0.15,GPR,0,1.3863218960876145,-0.5346841028056408,0.10654864061962262,0.03329108244527682,0.015494483831514432,1.1311246143934353,
0.15,Constrained Opt.,0,1.7011997430459247,-1.3110079843701663,0.10658287879040829,-0.016683479096731773,0.00762003819751368,0.9997309240748297,0.4325129985809326
0.15,Takens Embedding,0,0.5277297586309991,0.777610643370354,0.876477718637023,0.8126105541862254,0.4093129616533621,0.2292294521134478,0.6879110336303711
0.15,Mean Reversion,0,1.3758491106697677,-0.5115845487083566,0.10573501067519382,-0.00770776398448601,,1.1669383991682571,
0.15,GPR,1,0.8034703883041273,0.01585641106554958,0.642017629598804,-0.08257744676360732,0.030971658269875333,0.6658332643987283,
0.15,Constrained Opt.,1,0.9325980841709802,-0.3258907915814313,0.6407339750228235,-0.09150053365740976,0.07941324677533991,0.6565567817481767,0.34047508239746094
0.15,Takens Embedding,1,0.2675405743962696,0.8908815905825792,0.9347330326570089,0.908964602779772,0.2722829500037796,0.1244771640866197,0.6032900810241699
0.15,Mean Reversion,1,0.8162654229307216,-0.01573757092776429,0.6391549271798946,-0.019733935125388628,0.013914545250941459,0.6897572485169106,
0.15,GPR,2,0.40535539062993853,-3.9956651732255537,0.9050256607683486,-0.016708896777076297,0.00940729933917001,0.22609893790525956,
0.15,Constrained Opt.,2,0.1964164519150063,-0.1729436280025216,0.9856579099928577,-0.05942340351489513,0.0063822583086626935,0.16045408847386222,0.3053269386291504
0.15,Takens Embedding,2,0.052806111267855026,0.9152207071086488,0.9988346260856411,0.9537558395028248,0.3465721010780221,0.016246004708943284,0.5741057395935059
0.15,Mean Reversion,2,0.2689387851711805,-1.1990155204786812,0.9870686681274813,-0.013538996014422058,0.006580535740175041,0.23514369656726267,
0.2,GPR,0,1.147762849498931,-0.035946177580092664,0.21523962286882678,0.06046920139010798,0.01494554856309635,0.951645353083135,
0.2,Constrained Opt.,0,1.5403848261140272,-0.8659127359009295,0.1936606597035333,-0.049014465548982936,0.0036764171760119303,1.2218197364415664,0.29284000396728516
0.2,Takens Embedding,0,0.5862418617897943,0.7297370461683984,0.8259244055815386,0.7814174926180324,0.4138812176371827,0.26035165972076246,0.8008177280426025
0.2,Mean Reversion,0,1.2998312692849006,-0.32863847885397224,0.20146483088974915,-0.034042250147340775,0.00474894478446683,1.0849455369339556,
0.2,GPR,1,0.7909620149181955,-0.03944152384381816,0.7224671830457527,0.1401084305342827,0.04336326010056232,0.5070155241208151,
0.2,Constrained Opt.,1,1.0199812318570127,-0.728515062447119,0.5169959157380023,-0.11364928959219965,0.0173690963488574,0.6593711921282673,0.3027689456939697
0.2,Takens Embedding,1,0.2878808170737452,0.862306239653783,0.9340405894180062,0.8890950596344197,0.24432961003766934,0.12189527817831194,0.8984770774841309
0.2,Mean Reversion,1,0.7847435126412652,-0.023161701421601233,0.6701839882039625,0.002418680488881298,,0.6617046669993567,
0.2,GPR,2,0.19232615494813393,-0.02099395024275763,0.9856084087602576,0.012077786727132406,0.013401940064375225,0.17366162065717658,
0.2,Constrained Opt.,2,0.23132497897615215,-0.47703753955159334,0.9793980556409656,0.019921532408076054,0.003027634397511431,0.16479647584090726,0.32646799087524414
0.2,Takens Embedding,2,0.05539376403863797,0.915302961737275,0.9986564882690597,0.9539552112823583,0.3061302530316914,0.019364421424261414,0.768179178237915
0.2,Mean Reversion,2,0.28193259581942337,-1.194002158578277,0.9856170385678736,-4.934958312583695e-16,0.005842025283492214,0.24620749192231647,
