Session,Method,Missing_Fraction,Replicate,Time,RMSE,R2,PLV,EnvCorr,SpCoh,DTW
session_1,GPR,0.05,0,1.4082260131835938,0.24790207561636166,-0.8243626118687044,0.9860958322934362,-0.0978037188549217,0.038987532975033753,0.18223176921899434
session_1,Cubic Spline,0.05,0,0.005656719207763672,0.3299239217678709,-2.231308696025635,0.9839421627579389,-0.050810053456065915,0.02784102701054602,0.24979798643398074
session_1,Penalized Spline,0.05,0,0.008033037185668945,1.3372500934627505,-52.085524312262486,0.09638184525870554,-0.07711652565667672,0.023978048758528926,0.9429242820293432
session_1,GPR,0.05,1,1.7062008380889893,0.7697991570894702,-0.345656888995999,0.6975276136185449,-0.013757115024104344,0.04906888690782011,0.46572275964379073
session_1,Cubic Spline,0.05,1,0.002107858657836914,1.5336982779759425,-4.341452080069219,0.15763066207544302,0.007670127631564308,0.06959616854419116,1.018630205782804
session_1,Penalized Spline,0.05,1,0.001561880111694336,3.339331136362068,-24.322026004923046,0.37968140903493075,0.059880616251283325,0.016552459194416162,2.064422497386219
session_1,GPR,0.05,2,1.8621289730072021,0.4271115203254048,-0.04725090881018734,0.9167979037595783,0.0023486952207858614,0.043526115643997,0.29806510201637587
session_1,Cubic Spline,0.05,2,0.0023419857025146484,1.2759620426506562,-8.346385393212483,0.2036320261763424,0.016408372893713937,0.03534188447620824,0.7404289364989087
session_1,Penalized Spline,0.05,2,0.0017783641815185547,0.886373034026017,-3.5102565392070932,0.41699250676952854,0.0020384798236222144,0.01824641653697969,0.3853255436420435
session_1,GPR,0.05,3,1.4751899242401123,0.3597191241466738,-0.36370820652879554,0.9479070216359045,0.0013648952908860048,0.043084055105938664,0.23086375514369314
session_1,Cubic Spline,0.05,3,0.002174854278564453,0.6804403545177615,-3.8794910274109045,0.9574270234369536,0.026397181046677543,0.03468734236860942,0.5630305359235777
session_1,Penalized Spline,0.05,3,0.0017490386962890625,3.5100597593976306,-128.84445873267074,0.506892348246719,0.0013993297971577638,0.03369028203583371,2.9459919239194248
session_1,GPR,0.05,4,1.2669048309326172,0.21328195594143695,-0.011252819174155881,0.9821437719101869,0.09774449011212068,0.014426472210765293,0.1946280696093288
session_1,Cubic Spline,0.05,4,0.0023288726806640625,0.577009048526569,-6.401449206102601,0.9053243256818942,-0.03137159992721752,0.02006909194379184,0.3551105934799424
session_1,Penalized Spline,0.05,4,0.0018229484558105469,1.248969458643487,-33.67808867595484,0.3265300233391407,-0.0007220508725055017,0.03386655365035184,0.9588983287745754
session_1,GPR,0.1,0,1.3673367500305176,0.18878650097890598,0.0009717174169723286,0.985908540834854,0.046414504303233774,0.008361000330561127,0.16905320612070343
session_1,Cubic Spline,0.1,0,0.0021829605102539062,0.5796058980557534,-8.416759986092153,0.9652614010818269,-0.056260231657680786,0.010176789131804816,0.4533722680885433
session_1,Penalized Spline,0.1,0,0.0018770694732666016,5.380606132068419,-810.5182918423823,0.6645880278921207,0.03544479799753494,0.011239385545784472,4.708532862046484
session_1,GPR,0.1,1,1.6117050647735596,0.6579406325971427,-0.009930207239063238,0.7523511101929806,0.07536380684284691,0.014286735302769808,0.5504044167206539
session_1,Cubic Spline,0.1,1,0.0025010108947753906,1.8821925581270647,-7.265060749407448,0.5829290558490718,-0.09007776271112061,0.019750983836454072,1.3602662978140518
session_1,Penalized Spline,0.1,1,0.0017421245574951172,15.811178937007407,-582.2388613914071,0.3258147451425091,-0.08619937691764998,0.01672332750910926,12.523571463916443
session_1,GPR,0.1,2,1.6002390384674072,0.4431306511903431,-0.13672524625606597,0.9188567599592057,0.008174978265398968,0.02328700168810171,0.39679722803591283
session_1,Cubic Spline,0.1,2,0.001979827880859375,0.8760235953185924,-3.4424600523230167,0.48620687570588034,0.007273160797108326,0.017348022389645282,0.46851759660079806
session_1,Penalized Spline,0.1,2,0.0015571117401123047,8.967186592104193,-464.48354922776275,0.4116421065978707,0.05041484086985209,0.011421375125323673,6.77429136142111
session_1,GPR,0.1,3,1.026097059249878,0.307336318249597,-0.009877078852559285,0.9600879860496601,-0.015069835146998757,0.020175297695636626,0.2693343139625838
session_1,Cubic Spline,0.1,3,0.0020711421966552734,0.7789948454913249,-5.487986156370017,0.948240451022708,-0.0435020749081797,0.030833168363688226,0.5986667275996985
session_1,Penalized Spline,0.1,3,0.0015888214111328125,10.09072420841741,-1087.6428376006616,0.8407359907550346,-0.04946760034469373,0.031567544122459726,9.08302563715897
session_1,GPR,0.1,4,1.2511019706726074,0.2215606502019229,-0.02852285070903937,0.9808977133728813,0.044602246218615485,0.015894607917277422,0.19529263201822125
session_1,Cubic Spline,0.1,4,0.0024368762969970703,0.4071168596067144,-2.4726967339517723,0.9673783213552261,0.02634932885311064,0.008691629019067245,0.21648947202550609
session_1,Penalized Spline,0.1,4,0.0018651485443115234,1.760934135989415,-63.97030532601191,0.8885232859516036,-0.008655302759096041,0.011435938445814435,1.4014785169125248
session_1,GPR,0.15,0,1.407900094985962,0.21687750752039556,-0.22113315379306964,0.9845882464576039,0.012754261193625095,0.007794914600765457,0.19396531025746389
session_1,Cubic Spline,0.15,0,0.002335071563720703,0.36466948385450637,-2.452493267268876,0.9781604629699603,0.02516147234394437,0.008991421015755962,0.21248514415462394
session_1,Penalized Spline,0.15,0,0.0015740394592285156,2.6782480696580073,-185.22397680813458,0.9220221739847371,-0.031166061188172507,0.024772289063695465,2.3742239510978687
session_1,GPR,0.15,1,1.3378770351409912,0.6631532454061788,-0.07235934884318596,0.7654786030186148,-0.04212423951749543,0.00862812300877233,0.5710789105742128
session_1,Cubic Spline,0.15,1,0.002185821533203125,5.857295824530398,-82.65788121825463,0.7129580532566107,-0.03481526452853907,0.010600393158139994,5.235329750864408
session_1,Penalized Spline,0.15,1,0.001711130142211914,2.5098841991785728,-14.361014977431585,0.3232268486045144,-0.007147049749468146,0.012873669160330968,1.3389055304687671
session_1,GPR,0.15,2,2.1195850372314453,0.43211883778507515,-0.04747809720989693,0.9149235995496323,0.0418904040404187,0.013311447300180818,0.3871475136328194
session_1,Cubic Spline,0.15,2,0.0026879310607910156,5.481741146129776,-167.5681806684175,0.859664981354673,0.02579995693815368,0.020483017828161403,5.075814051152622
session_1,Penalized Spline,0.15,2,0.0015399456024169922,8.636866948579451,-417.45716704596003,0.3307008792658741,-0.059111957346833804,0.013350510911699047,6.5509767043369
session_1,GPR,0.15,3,2.2684051990509033,0.343547336947929,-0.17464938787087503,0.9548740617883114,0.11310486905075914,0.027090946804145317,0.20513106525329078
session_1,Cubic Spline,0.15,3,0.0023288726806640625,1.3435017692366003,-16.96435254102966,0.1516213783268881,0.011201572192206093,0.015129423952236768,0.8361485006910042
session_1,Penalized Spline,0.15,3,0.0018661022186279297,3.7836497132891864,-141.48099192617588,0.5600444370071069,0.01635762799365486,0.009304892235613533,2.80748807799753
session_1,GPR,0.15,4,1.700660228729248,0.2481237358889015,-0.1862434376302109,0.9787406877556428,-0.016669789586313283,0.010246630192941327,0.23060096842362476
session_1,Cubic Spline,0.15,4,0.002468109130859375,0.3910866156640808,-1.9470201557038105,0.9443972964979506,-0.010378175659552659,0.003570506652644861,0.22343164323065862
session_1,Penalized Spline,0.15,4,0.002125263214111328,18.7713120395773,-6788.322804860954,0.7888885781770452,0.05017020474670291,0.009866314615335022,17.08667697701951
session_1,GPR,0.2,0,1.5936498641967773,0.31400173927741,-1.3427670174899458,0.9609431265598236,0.016790294613298784,0.006962548068741464,0.15637317664647524
session_1,Cubic Spline,0.2,0,0.0033359527587890625,0.9122256645426631,-18.772863437880197,0.4188222407502901,-0.006971548975484805,0.010655253301867779,0.5261074391163556
session_1,Penalized Spline,0.2,0,0.0016031265258789062,2.3436764020759995,-129.5149581187789,0.2658398522278241,0.035829732408138075,0.0064996936888450626,1.668227224290133
session_1,GPR,0.2,1,1.2783799171447754,0.6565012085133732,-0.08984505026018574,0.77750123504635,-0.12636903596640145,0.010320919498188273,0.5436017682910639
session_1,Cubic Spline,0.2,1,0.0022079944610595703,2.6028957739462744,-16.13196793561028,0.223565451788234,-0.09706969928415982,0.005604456458093806,1.833389902457202
session_1,Penalized Spline,0.2,1,0.0017440319061279297,12.883236367987308,-418.70451965060624,0.4974602940636993,-0.12706344883423892,0.0045678053361433765,9.98909153322112
session_1,GPR,0.2,2,1.2946650981903076,0.4225926998763936,-0.004462911160456828,0.9130351689827101,0.0873955424690256,0.004820039272486742,0.36249958186279957
session_1,Cubic Spline,0.2,2,0.002536296844482422,1.4094728316958838,-10.173863006338612,0.6156801312487665,-0.06535746059060926,0.005414431904155765,1.0108495835413795
session_1,Penalized Spline,0.2,2,0.0018270015716552734,15.603777294592923,-1368.4601866792211,0.5247613615463259,0.06011453453037559,0.018970524894106208,12.082868339208494
session_1,GPR,0.2,3,1.172029972076416,0.3379127565676366,-0.07386164907250503,0.9529655567704456,-0.005344790675439552,0.011390142011503424,0.30671810761368673
session_1,Cubic Spline,0.2,3,0.0028030872344970703,1.1041012661684857,-10.464548982336323,0.15228224062523574,-0.011579749865939947,0.010985505358440749,0.4829823382727307
session_1,Penalized Spline,0.2,3,0.0014948844909667969,10.905052531281054,-1117.3936234989535,0.21546763032536606,0.03148062503850529,0.008050022353305607,8.53855154856028
session_1,GPR,0.2,4,1.159639835357666,0.2435832111458171,-0.09789518275725517,0.9780834145778944,-0.024344432653934003,0.008315631742006835,0.22180448856890045
session_1,Cubic Spline,0.2,4,0.0022110939025878906,0.561762102106544,-4.839437992178314,0.9722709877675473,-0.028172118007082907,0.006844204148748028,0.3845647790344308
session_1,Penalized Spline,0.2,4,0.0016536712646484375,6.632724908757961,-813.0482506631027,0.8720639404365117,-0.022361332612983256,0.013690843893141418,5.958269022523928
session_2,GPR,0.05,0,1.1975879669189453,0.15050603738792964,-1.6126523540148887,0.9964372100616777,0.05367401673133552,0.06507025094208436,0.05884363827876313
session_2,Cubic Spline,0.05,0,0.0044329166412353516,0.32864462401002503,-11.457383865043585,0.997273018930309,0.02140963415833256,0.03800770182947189,0.3078962199163137
session_2,Penalized Spline,0.05,0,0.0022749900817871094,0.6305337803623526,-44.855401380224926,0.9814500138003313,-0.006493775630518945,0.04895289928392057,0.49095550617828126
session_2,GPR,0.05,1,1.1489741802215576,0.48220638347690653,-0.5427113755572044,0.9468053862035615,-0.01797497678114224,0.030300348593117494,0.25456076732768007
session_2,Cubic Spline,0.05,1,0.002288818359375,1.3811482363117853,-11.656084263407806,0.9410166337494338,-0.02298610940298931,0.02133579036112164,0.9914104609870036
session_2,Penalized Spline,0.05,1,0.0017910003662109375,8.52795309300865,-481.51228717214815,0.8475853845369395,-0.057612399307034635,0.046817626570096076,7.05629885444183
session_2,GPR,0.05,2,1.210787057876587,0.26276212719814945,-0.03162419778047765,0.9835116704032117,0.08379084783835146,0.019336438128558273,0.19951792576569197
session_2,Cubic Spline,0.05,2,0.003679990768432617,1.1082394378311902,-17.35114573281344,0.8941947963404531,0.016542059259834208,0.027261111729853696,0.9730271781083524
session_2,Penalized Spline,0.05,2,0.0016391277313232422,2.314658176848257,-79.05154372699928,0.9463768326265636,-0.0026451908115019064,0.02360842068920445,1.8202585729980019
session_2,GPR,0.05,3,1.213228702545166,0.24706870408269163,-1.0866629033547772,0.9875483323309929,-0.03375655831340538,0.09701060246905985,0.10183764174361225
session_2,Cubic Spline,0.05,3,0.0034089088439941406,0.3606740365635408,-3.4467896013802486,0.9929361683786818,0.0732855340661983,0.018517748765802686,0.29301366440710813
session_2,Penalized Spline,0.05,3,0.0016510486602783203,3.046680757453879,-316.30047328347837,0.37728381216410734,0.013860417372400515,0.014638416814698022,2.402866228258684
session_2,GPR,0.05,4,1.3817541599273682,0.36836598918217134,-9.711293383880372,0.9719523740970983,0.026885212496364042,0.036689918575540104,0.181856346237849
session_2,Cubic Spline,0.05,4,0.002464771270751953,0.24398917769062847,-3.6992006648045503,0.9921007800722932,0.0471547141180745,0.050175007399560996,0.1284304102945776
session_2,Penalized Spline,0.05,4,0.0017600059509277344,1.2146474430984733,-115.46175880564363,0.9515532996577151,-0.030888222969323188,0.031201572997016536,0.9577124122610056
session_2,GPR,0.1,0,1.7463769912719727,0.09844912731137359,-0.0007159845831763434,0.9977353556672157,0.04326036692660719,0.015238262940826107,0.08800229452607611
session_2,Cubic Spline,0.1,0,0.0024950504302978516,0.12331916801612255,-0.5701757562697991,0.9975133140639734,0.010990801823076244,0.006512102494136777,0.08168762890216442
session_2,Penalized Spline,0.1,0,0.0018498897552490234,1.4707059080450453,-222.32573371343727,0.969831789293095,0.03414836089951066,0.021774844112242436,1.296280069889528
session_2,GPR,0.1,1,1.5098211765289307,0.4534632372563093,-0.006863005547341761,0.9424526073433996,-0.07136478862583122,0.01608043185515183,0.3468360667707196
session_2,Cubic Spline,0.1,1,0.003350973129272461,1.071034545551402,-4.616854498515627,0.8092446337409313,0.05395523116434347,0.02280426780195288,0.5216284123553857
session_2,Penalized Spline,0.1,1,0.0016520023345947266,3.993434733493154,-77.0871186226676,0.0905563771711139,0.04464759848235691,0.034204916219030074,2.8866019200285926
session_2,GPR,0.1,2,1.0764029026031494,0.25646726836876454,-0.02072894486026744,0.9837814862271735,-0.02547427535316214,0.0068131470041713,0.21129506395554673
session_2,Cubic Spline,0.1,2,0.002259969711303711,0.2969199162691606,-0.36812316609381535,0.9786945292272873,-0.015622246827046677,0.005269782094282746,0.198209424428359
session_2,Penalized Spline,0.1,2,0.0017871856689453125,8.289362052556676,-1065.3229469643643,0.3103337812010465,0.03906264106171559,0.006377308458466163,6.209706577293363
session_2,GPR,0.1,3,2.3213469982147217,0.18869404968035713,-0.22219660614597259,0.9919187635355494,-0.00638886240438575,0.018040492290660667,0.12695205812429022
session_2,Cubic Spline,0.1,3,0.0024340152740478516,0.3620611265117441,-3.499750766441533,0.9873561462756925,-0.007701077978310187,0.011684130342653318,0.20782558648477317
session_2,Penalized Spline,0.1,3,0.0018401145935058594,5.120816627492377,-899.1255963388217,0.9216996292839398,-0.035572200117014494,0.012337847087108781,4.639228325083075
session_2,GPR,0.1,4,1.482530117034912,0.11687379754166853,-0.003740684136055439,0.9967978218118128,0.02277054196694568,0.013022409389804196,0.10491518644448876
session_2,Cubic Spline,0.1,4,0.002337217330932617,0.27425918149740847,-4.527255841724243,0.9931738446918671,-0.03464331305048906,0.0058456244022251315,0.16075954380683158
session_2,Penalized Spline,0.1,4,0.0014069080352783203,0.8924160935752941,-57.52238319395652,0.9717600257380523,0.02464103463093042,0.008042067383657578,0.715103712758864
session_2,GPR,0.15,0,1.108046054840088,0.10319951523183638,-0.0025536298532669033,0.9975075471791058,-0.004667934835780652,0.007869608244765654,0.09168149070740686
session_2,Cubic Spline,0.15,0,0.0023169517517089844,0.37422844986382336,-12.183353594674157,0.9784842404607086,-0.0005986583489612221,0.01370006175783224,0.252692392187573
session_2,Penalized Spline,0.15,0,0.0016088485717773438,4.906388142417091,-2265.0845166978843,0.8477041456839502,-0.0032531581262909984,0.012108511011526239,4.013296909441763
session_2,GPR,0.15,1,1.1385397911071777,0.41303484209279906,-0.011216991194781922,0.9541337516073404,-0.09530619562576134,0.038852561440656325,0.3132285560534078
session_2,Cubic Spline,0.15,1,0.0052640438079833984,5.157876767165339,-156.69317753796037,0.8821195929535236,0.04897695184476888,0.025443147627728497,4.067809367562238
session_2,Penalized Spline,0.15,1,0.0015780925750732422,20.868451824069147,-2580.377041369503,0.7504148003310306,0.04549792298554915,0.03153350211540713,17.01362560175975
session_2,GPR,0.15,2,1.2214610576629639,0.24805681425310067,-0.0017328549461721465,0.9849539039815526,0.002156275143140428,0.010828450620300786,0.19788701873597175
session_2,Cubic Spline,0.15,2,0.0036089420318603516,0.6902218511077738,-6.755807165785047,0.9087955559600989,-0.03760087583448058,0.012429870305039364,0.45574426050871675
session_2,Penalized Spline,0.15,2,0.001631021499633789,11.649890477589581,-2208.496303878278,0.7391652191351326,0.018895455873616126,0.012547268405091997,9.322539863127238
session_2,GPR,0.15,3,1.3793251514434814,0.1779619127639239,-0.005995942213862904,0.9924010634053857,-0.005061763326922266,0.0031631268080428744,0.15406049868475483
session_2,Cubic Spline,0.15,3,0.0021979808807373047,2.0527553667670446,-132.849419336539,0.9624272434856758,0.04930499570244501,0.039913978418768786,1.8685541571072726
session_2,Penalized Spline,0.15,3,0.0016069412231445312,3.3297911791068824,-351.1892502328609,0.13037718283334107,-0.027216657995669417,0.02539117679115497,2.5588400865068324
session_2,GPR,0.15,4,1.6947541236877441,0.18432069711615368,-1.2992412544824967,0.9953484125110117,0.004888226351196403,0.023721287460822204,0.12288632743672381
session_2,Cubic Spline,0.15,4,0.0022530555725097656,0.4186137037920256,-10.859413653036038,0.9848977208899723,-0.011464424106537358,0.010609850546384421,0.29580319823587475
session_2,Penalized Spline,0.15,4,0.0015287399291992188,3.9763443186106744,-1069.0505683820097,0.17553403620665398,0.003739861511578598,0.004168552573397855,3.105384141177103
session_2,GPR,0.2,0,0.9402191638946533,0.1107065803775307,-0.03190941139836578,0.9972034829466964,-0.044217827817614366,0.006332125599253366,0.0999388436073058
session_2,Cubic Spline,0.2,0,0.0026290416717529297,0.612503407355797,-30.58724285144031,0.9882888640549112,0.02064421713887286,0.014630889758317901,0.4837985488724215
session_2,Penalized Spline,0.2,0,0.0017199516296386719,4.5556588487239145,-1746.4191472828704,0.37873520432635677,0.018932781451031864,0.015696834050845647,3.7800918306953686
session_2,GPR,0.2,1,1.4932880401611328,0.8151893488253734,-2.6966789060769285,0.7255026794080972,0.03528458681192879,0.00979303509271965,0.44065549026744755
session_2,Cubic Spline,0.2,1,0.004142045974731445,2.9407396789859477,-47.10695839255263,0.9174317724215674,0.0009342010539568463,0.017382234580609793,2.443224271681366
session_2,Penalized Spline,0.2,1,0.0016319751739501953,12.679392612673267,-893.3173078517211,0.07734861642254791,0.06976317622702129,0.007183487262146279,10.670357156284716
session_2,GPR,0.2,2,1.266139030456543,0.27753834560574253,-0.21490127244457824,0.9829705060208777,0.02009598428322994,0.009966544191870074,0.15454074506679244
session_2,Cubic Spline,0.2,2,0.0025069713592529297,6.66674766256856,-700.0080920834338,0.9009355048402813,0.010988786255179643,0.007199672791818936,6.027382991704554
session_2,Penalized Spline,0.2,2,0.001512765884399414,4.858485875542946,-371.3032999257601,0.3573270207441589,-0.031640000023656946,0.015547459542327403,3.812748708625632
session_2,GPR,0.2,3,0.9625897407531738,0.19107909453761143,-0.06782988432328385,0.9916498948493875,0.019307747950853767,0.013008236683514873,0.15624967488777897
session_2,Cubic Spline,0.2,3,0.002439260482788086,2.8206121059926557,-231.68182031852368,0.9358003824528563,0.022029116889631682,0.00895926543299431,2.2756182709306843
session_2,Penalized Spline,0.2,3,0.0020470619201660156,8.796649480418552,-2262.1341373620244,0.3496826105076158,0.01739014303161667,0.00626167305178918,7.127498499937958
session_2,GPR,0.2,4,2.0442821979522705,0.8169372103356716,-41.53609758954839,0.679100941491567,0.003637480654501767,0.0051929434720113694,0.4991530313586193
session_2,Cubic Spline,0.2,4,0.0026280879974365234,0.6484590657127084,-25.80065573875473,0.9882652767344883,-0.021823715573294468,0.009089947938748684,0.5470477061579326
session_2,Penalized Spline,0.2,4,0.0024459362030029297,3.9544949048716127,-995.695111800327,0.925988769458403,-0.029759746583281167,0.009266528874945333,3.492051805013637
session_3,GPR,0.05,0,1.9662408828735352,0.17470460783118344,-0.8134027763328895,0.9963228389370037,-0.06162067539516511,0.05797072606406254,0.08106913366553954
session_3,Cubic Spline,0.05,0,0.0024309158325195312,0.21295076664657814,-1.6942877272420902,0.997600363344575,-0.07960713572795414,0.032329055869522394,0.1516651430256307
session_3,Penalized Spline,0.05,0,0.0017931461334228516,2.1961323619172886,-285.55143020836033,0.10787888568146704,-0.010856543037468322,0.04600883015434443,1.6599715040433602
session_3,GPR,0.05,1,1.0997447967529297,0.5147726505709779,-0.0003517888987629725,0.9679918044279712,0.022574986811735663,0.003395479055120816,0.44474412006418734
session_3,Cubic Spline,0.05,1,0.0033931732177734375,1.4197491792865995,-6.609306460431218,0.9607496372751544,0.029190852424911394,0.0025196543181986194,0.8447350909684442
session_3,Penalized Spline,0.05,1,0.0016090869903564453,1.3592782185567542,-5.974908877387527,0.7174424026387736,0.002653525097181511,0.03160540658203376,0.7255158990030303
session_3,GPR,0.05,2,1.5903518199920654,0.3488889854476203,-0.18389295284180607,0.9863461713693052,-0.05344384539603915,0.06505650346220897,0.2410557363206068
session_3,Cubic Spline,0.05,2,0.0021619796752929688,0.571500148277895,-2.176659108271389,0.984381712622548,0.03995435692917866,0.009716479484493347,0.3556786098386758
session_3,Penalized Spline,0.05,2,0.0015249252319335938,4.362032537029773,-184.06134711514787,0.9056210620722229,0.013733586718080356,0.015281841262787609,3.5551354192910556
session_3,GPR,0.05,3,1.3439650535583496,0.2616474411602299,-0.1489931199581136,0.9917531602831811,-0.010895424649787724,0.02323479814058137,0.13430490894110284
session_3,Cubic Spline,0.05,3,0.002045154571533203,0.6052142208488043,-5.147558822115796,0.9716360324569182,-0.007719316589633178,0.02596325186339118,0.392052040267471
session_3,Penalized Spline,0.05,3,0.0015380382537841797,1.5435415942779473,-38.987211397143085,0.3270655062989354,-0.038794911638610784,0.03819762498894422,1.1200034099581295
session_3,GPR,0.05,4,1.4445359706878662,0.18111046785428497,-0.2983527585894883,0.996123675049079,0.017353802890213037,0.04283416013402434,0.0855741958676368
session_3,Cubic Spline,0.05,4,0.00225830078125,0.16945865466297752,-0.13666662538548557,0.9968702188560022,-0.005567020784386959,0.030864402137121476,0.14487126983271234
session_3,Penalized Spline,0.05,4,0.0018038749694824219,1.5779937666128077,-97.56351130285078,0.385312220970725,-0.008700114781022733,0.04258895596593029,1.3589820207843661
session_3,GPR,0.1,0,1.5809128284454346,0.1674715900578697,-0.46612491457603356,0.997682627815691,0.08568298072286415,0.021617032217361654,0.1282325643244593
session_3,Cubic Spline,0.1,0,0.004621028900146484,0.26444059522021507,-2.6554844310419723,0.9955424494119578,0.006823803582872021,0.036841664963804505,0.17115089628036972
session_3,Penalized Spline,0.1,0,0.0018601417541503906,4.328545515805216,-978.4283341678981,0.9442280552349711,-0.038385694850081246,0.031018667168542464,3.8966244460438872
session_3,GPR,0.1,1,1.758570909500122,0.5543749833424836,-0.3276995108429719,0.964396446947138,-0.01810003918664911,0.014725114434118423,0.24651805857115003
session_3,Cubic Spline,0.1,1,0.0033719539642333984,3.8689265768390455,-63.665631459564466,0.9407555636952247,0.017623692552169796,0.01072480304359262,3.5022906482314133
session_3,Penalized Spline,0.1,1,0.001837015151977539,6.23496354585369,-166.94241121755164,0.06688806615002581,0.0010073409779542358,0.014915203708007899,4.960168324267103
session_3,GPR,0.1,2,1.6294670104980469,0.3584297409809356,-0.15964642534209128,0.986521545152242,-0.02572531370911649,0.024081889327961514,0.2812024048522733
session_3,Cubic Spline,0.1,2,0.002382040023803711,0.46791325442289927,-0.9762787993971496,0.9854036191028059,0.030847735070905997,0.02969152992156608,0.3327323772373844
session_3,Penalized Spline,0.1,2,0.0024509429931640625,5.888843461527552,-312.02392786800976,0.9209598030116676,-0.02054875560533587,0.003460786546594494,5.227586594618862
session_3,GPR,0.1,3,1.3605759143829346,0.2651666484765852,-0.16504521513099357,0.9923978797230621,-0.05234961890110028,0.010278873264546651,0.22388421978952475
session_3,Cubic Spline,0.1,3,0.0049970149993896484,1.0134036385300897,-16.01648675854826,0.8784086493746124,0.008944695219056427,0.01923934221372451,0.6803831518161926
session_3,Penalized Spline,0.1,3,0.0016589164733886719,6.283203838277461,-653.134838916738,0.7436620916669496,-0.008555647711034358,0.020078154563813268,4.847638058454376
session_3,GPR,0.1,4,1.4631409645080566,0.1894478868275894,-0.3078192135967537,0.996651067880726,0.016819888207743647,0.07312655398931724,0.15671517105849267
session_3,Cubic Spline,0.1,4,0.002398967742919922,0.737281120116642,-18.807716361997183,0.9854481538964202,0.008472055104648846,0.018233456064576974,0.5341053941152871
session_3,Penalized Spline,0.1,4,0.001547098159790039,1.166821886005131,-48.610924003344465,0.8619658038851435,-0.016402862363251735,0.016358838266139517,0.9443265855714545
session_3,GPR,0.15,0,1.2386019229888916,0.15087274421983474,-0.07142012828521649,0.9973232191818281,0.02344657626287283,0.009917111530749288,0.1303946134029463
session_3,Cubic Spline,0.15,0,0.0020890235900878906,0.7900599819582781,-28.380443720222303,0.9699131270275267,0.006802499880902325,0.01401194534792943,0.5894413650077752
session_3,Penalized Spline,0.15,0,0.001589059829711914,9.554583843922638,-4295.9645730625725,0.9049845431715047,-0.031191735456542944,0.023109901779259763,8.627411881762201
session_3,GPR,0.15,1,1.1415119171142578,0.4961631234861457,-0.01497070231518327,0.9710401052450215,0.08688892559033413,0.037691097604056506,0.4246714011106799
session_3,Cubic Spline,0.15,1,0.002418994903564453,1.5942464793837814,-9.47889463741432,0.6035292233776391,0.032158879965031806,0.011958978841989007,0.8155903785552743
session_3,Penalized Spline,0.15,1,0.0015950202941894531,15.687131967652455,-1013.5924835304911,0.8657540456723051,-0.05790014802562296,0.01936777624407601,13.793747414100487
session_3,GPR,0.15,2,1.1208131313323975,0.3499083278353266,-0.1626355504284489,0.986304647557484,-0.05967350900268914,0.007234720514779662,0.29641565477081033
session_3,Cubic Spline,0.15,2,0.003113269805908203,1.685383224719509,-25.97319391254613,0.2499362567835911,0.0304498955277791,0.012802420232126646,1.3760516640557447
session_3,Penalized Spline,0.15,2,0.001857757568359375,17.881820396968894,-3035.396610039743,0.8630030599517838,-0.0038362173245182385,0.004196924692363856,15.744022943321493
session_3,GPR,0.15,3,1.583225965499878,0.2595499509542325,-0.09449215805586264,0.9923525943825336,-0.022421983695172024,0.014225109427894959,0.1859339893066222
session_3,Cubic Spline,0.15,3,0.003182649612426758,1.2120864187064302,-22.8692032189389,0.98724676670139,-0.016517372435889365,0.025902592749740983,1.081286795646691
session_3,Penalized Spline,0.15,3,0.0016760826110839844,8.146893532612133,-1077.3378106580053,0.20810050294095245,0.02323629458214181,0.01872238650405781,6.455604448005481
session_3,GPR,0.15,4,1.8375539779663086,0.17694587950048077,-0.05427802549682892,0.9962644754422822,0.03491201397199056,0.03887907280571682,0.15288621356352602
session_3,Cubic Spline,0.15,4,0.002226114273071289,1.0482464664126065,-35.99994352473438,0.8390864510806474,-0.02735246084838294,0.02049110192460253,0.7398590540950474
session_3,Penalized Spline,0.15,4,0.0017747879028320312,2.356684869275616,-186.01535844749,0.1303484930805931,0.0003719196887637479,0.011057574561876829,1.8407215108853143
session_3,GPR,0.2,0,1.3084781169891357,0.16125053820402693,-0.10660067531656114,0.9970904388253932,-0.06166119096472586,0.007058660765067089,0.13889757956515136
session_3,Cubic Spline,0.2,0,0.0021240711212158203,0.3040420648961378,-2.934195451653081,0.9922436972528659,0.029150660420877803,0.010997433482797796,0.20345110058330707
session_3,Penalized Spline,0.2,0,0.0018639564514160156,3.0129834920157497,-385.3510435393178,0.8373616600215827,0.02023960851991244,0.008031171363652055,2.2928538730599435
session_3,GPR,0.2,1,2.3482742309570312,0.46194550222700465,-0.002531032288800139,0.9745224400630502,0.0367144422364342,0.016090416581494613,0.3763491512566075
session_3,Cubic Spline,0.2,1,0.002627134323120117,6.470479470216497,-195.69316379671628,0.8802063041379679,0.014753827269238818,0.011848008176006201,4.9489273661171715
session_3,Penalized Spline,0.2,1,0.0015079975128173828,9.465090719515793,-419.88737670668024,0.4524737883593762,-0.048843350197409485,0.013396486451075381,7.468973345351013
session_3,GPR,0.2,2,1.2185730934143066,0.3482074832219955,-0.09673203339757852,0.9856632531780614,-0.011732217871690247,0.007321279571398046,0.20660457506841684
session_3,Cubic Spline,0.2,2,0.002190828323364258,2.7976807306004394,-69.79794165286408,0.11189039069935965,-0.01377368385582323,0.009608414841699865,1.9914331296190773
session_3,Penalized Spline,0.2,2,0.001538991928100586,6.868859967763284,-425.7697747011033,0.09345662113572226,0.019813914412178817,0.011228781103749664,5.616988597525451
session_3,GPR,0.2,3,1.6808769702911377,0.2582961655117023,-0.02909852721793471,0.9921201329276356,-0.0019520107892876132,0.008137680342719285,0.22763846153802916
session_3,Cubic Spline,0.2,3,0.0021240711212158203,1.6332595269821364,-40.14636165744068,0.8451498471907383,0.039934529657763576,0.01592611223425118,1.2655453103068768
session_3,Penalized Spline,0.2,3,0.0019271373748779297,2.9800232596020506,-135.9810044192674,0.9546831388026991,0.0009509307423752118,0.03302181158316656,2.474198233147302
session_3,GPR,0.2,4,1.4782450199127197,0.2484669833900768,-0.9184844529175258,0.9929254210000291,0.004597725184945885,0.013514922553555388,0.11972494632082785
session_3,Cubic Spline,0.2,4,0.004422903060913086,2.1032484158606093,-136.46813808195205,0.9806051637571411,-0.01790185793426687,0.012863618712615444,1.9841659549600053
session_3,Penalized Spline,0.2,4,0.0019829273223876953,11.393921614718543,-4033.2923271392906,0.8974513637099976,-0.010250824449571731,0.012618018556371359,10.232308129893836
