method1,method2,method1_mean,method1_std,method2_mean,method2_std,wilcoxon_statistic,wilcoxon_p,mannwhitney_statistic,mannwhitney_p,ttest_statistic,ttest_p,cohens_d,effect_size_interpretation,significant,Scenario
CSI,Penalized Spline,2.2143153249594283,1.3815489666607779,2.3718085615553877,1.3109434347438247,6.0,0.8125,11.0,0.8412698412698413,-0.26622387603837455,0.8032264917134578,-0.1046003507031701,negligible,False,Small (5%)
CSI,GPR,3.609718284930165,1.0948588450213934,1.4834896636751462,0.09688583591778273,0.0,0.0625,25.0,0.007936507936507936,3.8282482532404982,0.018646043062237425,2.446910101021178,large,False,Small (5%)
CSI,CNN,3.2004811821773353,1.5083750645402985,1.440932697183478,0.15141976687183026,1.0,0.125,21.0,0.09523809523809523,2.3019847818437653,0.08275817343884499,1.4681639926677594,large,False,Small (5%)
CSI,LSTM,4.325330331478121,0.8751879562036183,1.5036758919348996,0.06323649643095372,0.0,0.0625,25.0,0.007936507936507936,6.306900306562859,0.003231407492694214,4.06753934076272,large,False,Small (5%)
Penalized Spline,GPR,3.0759535724346136,1.3863208317463198,1.482044573797486,0.07486841530760065,1.0,0.125,21.0,0.09523809523809523,2.3663078003803113,0.07713060491786985,1.4522031184384918,large,False,Small (5%)
Penalized Spline,CNN,2.486958320076485,1.1854248956327154,1.6116476934722166,0.14016047767626458,4.0,0.4375,20.0,0.15079365079365079,1.388421892177595,0.2373267923571564,0.9275417831103175,large,False,Small (5%)
Penalized Spline,LSTM,2.279891108293394,1.3104541301680732,1.493410004706287,0.10405178830006767,6.0,0.8125,10.0,0.6904761904761905,1.2659352278465155,0.27424560514766155,0.7567662188966907,medium,False,Small (5%)
GPR,CNN,1.5632769985963957,0.11183147600856112,1.5804897626508456,0.05093540374015682,5.0,0.625,10.0,0.6904761904761905,-0.3179975688791517,0.7663964512062217,-0.1771789599227969,negligible,False,Small (5%)
GPR,LSTM,1.5801254717443096,0.07025155792769906,1.5046647212294015,0.1237177418998093,6.0,0.8125,16.0,0.5476190476190477,0.9049600500741242,0.41666492497030616,0.6709053511125372,medium,False,Small (5%)
CNN,LSTM,1.7589908427656602,0.1078263285094503,1.5518671892248004,0.16436373695428427,2.0,0.1875,21.0,0.09523809523809523,2.0637952392505428,0.10798681795900204,1.3327851449422572,large,False,Small (5%)
CSI,Penalized Spline,2.4110819292978194,1.1899567000588764,2.969065163402143,1.21846002928055,5.0,0.625,9.0,0.5476190476190477,-1.3025967122410747,0.26264582804076975,-0.4144136875805102,small,False,Medium (10%)
CSI,GPR,2.3178177688176986,2.0131431664373505,1.5624135720094703,0.06171011150597553,5.0,0.625,15.0,0.6904761904761905,0.740578994088722,0.5000642307929658,0.47441758466589473,small,False,Medium (10%)
CSI,CNN,3.4459512058060597,1.6099527024882843,1.7775139705359209,0.09595052636600233,2.0,0.1875,20.0,0.15079365079365079,2.0397005761505347,0.11098138806938769,1.3085394340559307,large,False,Medium (10%)
CSI,LSTM,3.25757446230105,1.2839566070531185,1.588596211018298,0.1146081918337991,1.0,0.125,22.0,0.05555555555555555,2.6247011750350238,0.05851019281238773,1.6377100862802363,large,False,Medium (10%)
Penalized Spline,GPR,2.7409197149798823,1.6287576150788903,1.651248178185367,0.13773837533463595,3.0,0.3125,15.0,0.6904761904761905,1.3794689562492553,0.2398516414548048,0.8432410445780921,large,False,Medium (10%)
Penalized Spline,CNN,4.335563392357836,0.7879052581878354,1.806115018069238,0.15888711810081022,0.0,0.0625,25.0,0.007936507936507936,5.807007164897067,0.004375364564928354,3.980669948426794,large,False,Medium (10%)
Penalized Spline,LSTM,2.2166496329756074,1.3567922070599763,1.6481437227602718,0.10022094160935223,5.0,0.625,20.0,0.15079365079365079,0.7963264291774311,0.47043124454804847,0.5285670137049739,medium,False,Medium (10%)
GPR,CNN,1.5798013074377637,0.07762809712856417,1.7537186305595864,0.090766916241603,0.0,0.0625,0.0,0.007936507936507936,-2.549871413891636,0.0633140516198087,-1.8419196540106206,large,False,Medium (10%)
GPR,LSTM,1.605569226922162,0.10418471250193691,1.5884484359916393,0.10787119834761855,6.0,0.8125,12.0,1.0,0.18457324554643012,0.862543845031417,0.1444051939278554,negligible,False,Medium (10%)
CNN,LSTM,1.6847703517592325,0.12731675563564154,1.5181205102835733,0.08931010323159139,1.0,0.125,20.0,0.15079365079365079,2.6033964443766204,0.05983393437452996,1.3554522145124348,large,False,Medium (10%)
CSI,Penalized Spline,3.5027751515516514,1.0953805988432277,4.209088267402632,0.7254622357162275,3.0,0.3125,6.0,0.2222222222222222,-1.3360000119950766,0.25249183325212265,-0.6800134124257516,medium,False,Large (15%)
CSI,GPR,3.262843391861466,1.2342739867430685,1.5252001805279811,0.10383715611675365,1.0,0.125,23.0,0.031746031746031744,2.6626089524780605,0.05623722305464683,1.7745063909731895,large,False,Large (15%)
CSI,CNN,3.1187464520354715,0.5192222728884632,1.7159109041963738,0.07817924150688951,0.0,0.0625,25.0,0.007936507936507936,6.00294542643668,0.003875559064049331,3.379445190713212,large,False,Large (15%)
CSI,LSTM,3.349913566283938,0.8776910519956956,1.631818079407875,0.056367299456611245,0.0,0.0625,25.0,0.007936507936507936,3.9138649960501013,0.01733717166156105,2.470994826434787,large,False,Large (15%)
Penalized Spline,GPR,3.8293659661155504,0.5369714800225232,1.5665651697437615,0.05538819276571661,0.0,0.0625,25.0,0.007936507936507936,8.847326672794908,0.0009011370652105272,5.302209748210795,large,False,Large (15%)
Penalized Spline,CNN,4.354329134027077,1.4204899701106204,1.724292143814159,0.06160159056736436,0.0,0.0625,25.0,0.007936507936507936,3.7109132552339408,0.020637563402551868,2.339783545297642,large,False,Large (15%)
Penalized Spline,LSTM,3.377504577152505,1.0698424154810429,1.5275735517408737,0.10515064238488775,0.0,0.0625,25.0,0.007936507936507936,3.5155279226819713,0.02454897303078363,2.176747757471893,large,False,Large (15%)
GPR,CNN,1.4775750590811103,0.06746165678470152,1.7778438413004705,0.12464691581548788,0.0,0.0625,0.0,0.007936507936507936,-4.399371449925417,0.011696908475864472,-2.679801304643546,large,False,Large (15%)
GPR,LSTM,1.576745562626171,0.16170526344952646,1.5112697285476542,0.08543899334921704,3.0,0.3125,17.0,0.42063492063492064,1.3229490528967691,0.2564127466097526,0.45284884777193657,small,False,Large (15%)
CNN,LSTM,1.806923859424208,0.0998081364892435,1.5434637166197178,0.06769601237218771,0.0,0.0625,25.0,0.007936507936507936,3.4538464812242693,0.025963115207968856,2.7632921113570257,large,False,Large (15%)
